model,image,network_ms,fps,loops,dequantize_ms,onnxruntime_ms
mobilepose,VisCam_0000106.jpg,17.1840,58.19,1,4.2800,16.6770
mobilepose,VisCam_0000444.jpg,17.1960,58.15,1,4.3140,16.8360
mobilepose,VisCam_0000626.jpg,17.1920,58.17,1,4.2860,16.7860
mobilepose,VisCam_0001014.jpg,17.1990,58.14,1,4.3900,16.5970
mobilepose,VisCam_0001115.jpg,17.1960,58.15,1,4.3060,16.6520
mobilepose,VisCam_0001184.jpg,17.2000,58.14,1,4.2260,16.6220
mobilepose,VisCam_0001775.jpg,17.1970,58.15,1,4.3270,16.8930
mobilepose,VisCam_0001785.jpg,17.1960,58.15,1,4.2590,16.6410
mobilepose,VisCam_0001939.jpg,17.2060,58.12,1,4.3880,16.7290
mobilepose,VisCam_0002359.jpg,17.1980,58.15,1,4.3480,16.8040
mobilepose,VisCam_0002401.jpg,17.1950,58.16,1,4.3150,16.7600
mobilepose,VisCam_0002932.jpg,17.2050,58.12,1,4.2730,16.7060
mobilepose,VisCam_0003901.jpg,17.1930,58.16,1,4.2950,16.7100
mobilepose,VisCam_0004812.jpg,17.2070,58.12,1,4.2700,16.8010
mobilepose,VisCam_0004841.jpg,17.1960,58.15,1,4.3240,16.7860
mobilepose,VisCam_0004948.jpg,17.1910,58.17,1,4.3230,16.5820
mobilepose,VisCam_0005108.jpg,17.2060,58.12,1,4.2690,16.6590
mobilepose,VisCam_0005365.jpg,17.1910,58.17,1,4.3470,16.8080
mobilepose,VisCam_0005379.jpg,17.2030,58.13,1,4.3900,16.6810
mobilepose,VisCam_0005937.jpg,17.1930,58.16,1,4.3290,16.9930
mobilepose,VisCam_0006231.jpg,17.2000,58.14,1,4.3370,16.7530
mobilepose,VisCam_0006782.jpg,17.1830,58.20,1,4.2670,16.7170
mobilepose,VisCam_0006804.jpg,17.1860,58.19,1,4.3170,16.7760
mobilepose,VisCam_0006926.jpg,17.2030,58.13,1,4.2910,16.6830
mobilepose,VisCam_0006994.jpg,17.1930,58.16,1,4.3200,16.7800
mobilepose,VisCam_0007465.jpg,17.1790,58.21,1,4.3400,16.8340
mobilepose,VisCam_0007597.jpg,17.1960,58.15,1,4.2820,17.0660
mobilepose,VisCam_0008143.jpg,17.1990,58.14,1,4.3630,16.9600
mobilepose,VisCam_0008153.jpg,17.1960,58.15,1,4.3750,16.8150
mobilepose,VisCam_0008192.jpg,17.2010,58.14,1,4.4840,16.8350
mobilepose,VisCam_0008778.jpg,17.2090,58.11,1,4.3280,16.8230
mobilepose,VisCam_0008889.jpg,17.2070,58.12,1,4.3250,17.0910
mobilepose,VisCam_0010100.jpg,17.2010,58.14,1,4.2970,16.9490
mobilepose,VisCam_0010219.jpg,17.1950,58.16,1,4.3480,17.0450
mobilepose,VisCam_0010732.jpg,17.2020,58.13,1,4.3220,17.0540
mobilepose,VisCam_0011369.jpg,17.2050,58.12,1,4.3120,16.8060
mobilepose,VisCam_0011760.jpg,17.1990,58.14,1,4.2830,16.8130
mobilepose,VisCam_0012355.jpg,17.1830,58.20,1,4.4810,16.8920
mobilepose,VisCam_0012358.jpg,17.1810,58.20,1,4.3060,16.9980
mobilepose,VisCam_0012391.jpg,17.1970,58.15,1,4.3860,16.7490
mobilepose,VisCam_0013367.jpg,17.1970,58.15,1,4.3080,16.7900
mobilepose,VisCam_0014094.jpg,17.2120,58.10,1,4.3440,16.8120
mobilepose,VisCam_0014562.jpg,17.2030,58.13,1,4.2930,16.9400
mobilepose,VisCam_0014788.jpg,17.1950,58.16,1,4.3360,16.7770
mobilepose,VisCam_0015244.jpg,17.1890,58.18,1,4.2890,16.7730
mobilepose,VisCam_0015327.jpg,17.1970,58.15,1,4.2820,16.7850
mobilepose,VisCam_0015903.jpg,17.1960,58.15,1,4.3050,16.7500
mobilepose,VisCam_0016421.jpg,17.2070,58.12,1,4.4690,16.6910
mobilepose,VisCam_0016610.jpg,17.1980,58.15,1,4.3440,16.9020
mobilepose,VisCam_0016747.jpg,17.2040,58.13,1,4.3270,16.7270
fcos,VisCam_0000106.jpg,394.6920,2.53,1,1.7840,13.7700
fcos,VisCam_0000444.jpg,394.6760,2.53,1,1.7980,13.6970
fcos,VisCam_0000626.jpg,394.6710,2.53,1,1.7830,13.2520
fcos,VisCam_0001014.jpg,394.6550,2.53,1,1.8760,13.6660
fcos,VisCam_0001115.jpg,394.6820,2.53,1,1.8290,13.5460
fcos,VisCam_0001184.jpg,394.6610,2.53,1,1.7790,13.6820
fcos,VisCam_0001775.jpg,394.6680,2.53,1,1.7960,13.2800
fcos,VisCam_0001785.jpg,394.6770,2.53,1,1.8410,12.0000
fcos,VisCam_0001939.jpg,394.6780,2.53,1,1.7760,13.3280
fcos,VisCam_0002359.jpg,394.7230,2.53,1,1.7410,13.4920
fcos,VisCam_0002401.jpg,394.6690,2.53,1,1.8490,13.2470
fcos,VisCam_0002932.jpg,394.6920,2.53,1,1.7170,13.7110
fcos,VisCam_0003901.jpg,394.6690,2.53,1,1.7830,13.8160
fcos,VisCam_0004812.jpg,394.6940,2.53,1,1.8160,13.4680
fcos,VisCam_0004841.jpg,394.6800,2.53,1,1.7930,13.3730
fcos,VisCam_0004948.jpg,394.6600,2.53,1,1.7990,12.0750
fcos,VisCam_0005108.jpg,394.6740,2.53,1,1.7870,13.3080
fcos,VisCam_0005365.jpg,394.6580,2.53,1,1.7220,13.6080
fcos,VisCam_0005379.jpg,394.6570,2.53,1,1.8150,12.0640
fcos,VisCam_0005937.jpg,394.7000,2.53,1,1.7660,14.4140
fcos,VisCam_0006231.jpg,394.6420,2.53,1,1.8190,13.8220
fcos,VisCam_0006782.jpg,394.6640,2.53,1,1.8880,13.2970
fcos,VisCam_0006804.jpg,394.6920,2.53,1,1.8480,13.4000
fcos,VisCam_0006926.jpg,394.6660,2.53,1,1.8720,13.3860
fcos,VisCam_0006994.jpg,394.6500,2.53,1,1.7780,13.3720
fcos,VisCam_0007465.jpg,394.6720,2.53,1,1.8490,13.2530
fcos,VisCam_0007597.jpg,394.6540,2.53,1,1.7570,13.2580
fcos,VisCam_0008143.jpg,394.6870,2.53,1,1.7880,13.8010
fcos,VisCam_0008153.jpg,394.6870,2.53,1,1.8400,13.5010
fcos,VisCam_0008192.jpg,394.6890,2.53,1,1.8880,13.3180
fcos,VisCam_0008778.jpg,394.6880,2.53,1,1.7450,13.9100
fcos,VisCam_0008889.jpg,394.6660,2.53,1,1.7960,13.5910
fcos,VisCam_0010100.jpg,394.6880,2.53,1,1.8840,13.2880
fcos,VisCam_0010219.jpg,394.6980,2.53,1,1.7190,13.2300
fcos,VisCam_0010732.jpg,394.6970,2.53,1,1.7730,13.3640
fcos,VisCam_0011369.jpg,394.6570,2.53,1,1.7980,14.2120
fcos,VisCam_0011760.jpg,394.6640,2.53,1,1.8340,13.6980
fcos,VisCam_0012355.jpg,394.6830,2.53,1,1.7410,13.2780
fcos,VisCam_0012358.jpg,394.6390,2.53,1,1.7430,13.7250
fcos,VisCam_0012391.jpg,394.6740,2.53,1,1.8430,13.3360
fcos,VisCam_0013367.jpg,394.6750,2.53,1,1.7930,11.9070
fcos,VisCam_0014094.jpg,394.6660,2.53,1,1.8320,13.5790
fcos,VisCam_0014562.jpg,394.6420,2.53,1,1.8730,13.2400
fcos,VisCam_0014788.jpg,394.6760,2.53,1,1.7800,13.3850
fcos,VisCam_0015244.jpg,394.6730,2.53,1,1.7820,13.3030
fcos,VisCam_0015327.jpg,394.6710,2.53,1,1.7940,13.3790
fcos,VisCam_0015903.jpg,394.6580,2.53,1,1.8330,12.0580
fcos,VisCam_0016421.jpg,394.6720,2.53,1,1.8460,13.7120
fcos,VisCam_0016610.jpg,394.6560,2.53,1,1.9120,13.7070
fcos,VisCam_0016747.jpg,394.6840,2.53,1,1.8790,13.5520
